{
  "num_runs": 5,
  "conditions": {
    "evaluation": {
      "label": "MARS (Full Pipeline)",
      "system1_clarity": {
        "mean": 4.2,
        "std": 0.8366600265340756,
        "min": 3.0,
        "max": 5.0,
        "values": [
          5.0,
          4.0,
          3.0,
          5.0,
          4.0
        ]
      },
      "system1_completeness": {
        "mean": 4.8,
        "std": 0.4472135954999579,
        "min": 4.0,
        "max": 5.0,
        "values": [
          5.0,
          5.0,
          4.0,
          5.0,
          5.0
        ]
      },
      "system1_relevance": {
        "mean": 4.8,
        "std": 0.4472135954999579,
        "min": 4.0,
        "max": 5.0,
        "values": [
          5.0,
          5.0,
          4.0,
          5.0,
          5.0
        ]
      },
      "system1_scientific": {
        "mean": 4.6,
        "std": 0.8944271909999159,
        "min": 3.0,
        "max": 5.0,
        "values": [
          5.0,
          5.0,
          3.0,
          5.0,
          5.0
        ]
      },
      "system2_alignment": {
        "mean": 4.2,
        "std": 0.4472135954999579,
        "min": 4.0,
        "max": 5.0,
        "values": [
          5.0,
          4.0,
          4.0,
          4.0,
          4.0
        ]
      },
      "system2_novelty": {
        "mean": 5.0,
        "std": 0.0,
        "min": 5.0,
        "max": 5.0,
        "values": [
          5.0,
          5.0,
          5.0,
          5.0,
          5.0
        ]
      },
      "system2_realism": {
        "mean": 4.6,
        "std": 0.5477225575051661,
        "min": 4.0,
        "max": 5.0,
        "values": [
          5.0,
          5.0,
          4.0,
          5.0,
          4.0
        ]
      },
      "system2_reasoning": {
        "mean": 4.8,
        "std": 0.4472135954999579,
        "min": 4.0,
        "max": 5.0,
        "values": [
          5.0,
          5.0,
          4.0,
          5.0,
          5.0
        ]
      },
      "system3_compatibility": {
        "mean": 5.0,
        "std": 0.0,
        "min": 5.0,
        "max": 5.0,
        "values": [
          5.0,
          5.0,
          5.0,
          5.0,
          5.0
        ]
      },
      "system3_industrial": {
        "mean": 5.0,
        "std": 0.0,
        "min": 5.0,
        "max": 5.0,
        "values": [
          5.0,
          5.0,
          5.0,
          5.0,
          5.0
        ]
      },
      "system3_plausibility": {
        "mean": 5.0,
        "std": 0.0,
        "min": 5.0,
        "max": 5.0,
        "values": [
          5.0,
          5.0,
          5.0,
          5.0,
          5.0
        ]
      },
      "system3_practicality": {
        "mean": 5.0,
        "std": 0.0,
        "min": 5.0,
        "max": 5.0,
        "values": [
          5.0,
          5.0,
          5.0,
          5.0,
          5.0
        ]
      },
      "weighted_avg": {
        "mean": 4.75,
        "std": 0.2948728539557346,
        "min": 4.25,
        "max": 5.0,
        "values": [
          5.0,
          4.83,
          4.25,
          4.92,
          4.75
        ]
      }
    },
    "ablation_3agent": {
      "label": "3-Agent Sequential (No RAG/KG)",
      "system1_clarity": {
        "mean": 5.0,
        "std": 0.0,
        "min": 5.0,
        "max": 5.0,
        "values": [
          5.0,
          5.0,
          5.0,
          5.0,
          5.0
        ]
      },
      "system1_completeness": {
        "mean": 4.8,
        "std": 0.4472135954999579,
        "min": 4.0,
        "max": 5.0,
        "values": [
          5.0,
          5.0,
          5.0,
          4.0,
          5.0
        ]
      },
      "system1_relevance": {
        "mean": 5.0,
        "std": 0.0,
        "min": 5.0,
        "max": 5.0,
        "values": [
          5.0,
          5.0,
          5.0,
          5.0,
          5.0
        ]
      },
      "system1_scientific": {
        "mean": 4.8,
        "std": 0.4472135954999579,
        "min": 4.0,
        "max": 5.0,
        "values": [
          5.0,
          5.0,
          5.0,
          4.0,
          5.0
        ]
      },
      "system2_alignment": {
        "mean": 3.0,
        "std": 1.0,
        "min": 2.0,
        "max": 4.0,
        "values": [
          4.0,
          2.0,
          4.0,
          3.0,
          2.0
        ]
      },
      "system2_novelty": {
        "mean": 3.0,
        "std": 1.0,
        "min": 2.0,
        "max": 4.0,
        "values": [
          4.0,
          2.0,
          4.0,
          3.0,
          2.0
        ]
      },
      "system2_realism": {
        "mean": 2.6,
        "std": 1.816590212458495,
        "min": 1.0,
        "max": 5.0,
        "values": [
          4.0,
          1.0,
          5.0,
          2.0,
          1.0
        ]
      },
      "system2_reasoning": {
        "mean": 2.8,
        "std": 1.0954451150103321,
        "min": 2.0,
        "max": 4.0,
        "values": [
          4.0,
          2.0,
          4.0,
          2.0,
          2.0
        ]
      },
      "system3_compatibility": {
        "mean": 3.6,
        "std": 1.51657508881031,
        "min": 2.0,
        "max": 5.0,
        "values": [
          5.0,
          2.0,
          5.0,
          4.0,
          2.0
        ]
      },
      "system3_industrial": {
        "mean": 4.2,
        "std": 0.8366600265340756,
        "min": 3.0,
        "max": 5.0,
        "values": [
          5.0,
          4.0,
          5.0,
          4.0,
          3.0
        ]
      },
      "system3_plausibility": {
        "mean": 4.0,
        "std": 1.0,
        "min": 3.0,
        "max": 5.0,
        "values": [
          5.0,
          3.0,
          5.0,
          4.0,
          3.0
        ]
      },
      "system3_practicality": {
        "mean": 4.4,
        "std": 0.5477225575051661,
        "min": 4.0,
        "max": 5.0,
        "values": [
          5.0,
          4.0,
          5.0,
          4.0,
          4.0
        ]
      },
      "weighted_avg": {
        "mean": 3.934,
        "std": 0.7262781836183708,
        "min": 3.25,
        "max": 4.75,
        "values": [
          4.67,
          3.33,
          4.75,
          3.67,
          3.25
        ]
      }
    },
    "ablation_1agent_rag": {
      "label": "1-Agent + RAG/KG",
      "system1_clarity": {
        "mean": 4.8,
        "std": 0.4472135954999579,
        "min": 4.0,
        "max": 5.0,
        "values": [
          5.0,
          5.0,
          4.0,
          5.0,
          5.0
        ]
      },
      "system1_completeness": {
        "mean": 3.8,
        "std": 0.4472135954999579,
        "min": 3.0,
        "max": 4.0,
        "values": [
          4.0,
          4.0,
          3.0,
          4.0,
          4.0
        ]
      },
      "system1_relevance": {
        "mean": 4.6,
        "std": 0.5477225575051661,
        "min": 4.0,
        "max": 5.0,
        "values": [
          5.0,
          5.0,
          4.0,
          4.0,
          5.0
        ]
      },
      "system1_scientific": {
        "mean": 4.2,
        "std": 0.4472135954999579,
        "min": 4.0,
        "max": 5.0,
        "values": [
          5.0,
          4.0,
          4.0,
          4.0,
          4.0
        ]
      },
      "system2_alignment": {
        "mean": 2.6,
        "std": 0.5477225575051661,
        "min": 2.0,
        "max": 3.0,
        "values": [
          3.0,
          3.0,
          2.0,
          2.0,
          3.0
        ]
      },
      "system2_novelty": {
        "mean": 3.0,
        "std": 0.0,
        "min": 3.0,
        "max": 3.0,
        "values": [
          3.0,
          3.0,
          3.0,
          3.0,
          3.0
        ]
      },
      "system2_realism": {
        "mean": 3.8,
        "std": 0.4472135954999579,
        "min": 3.0,
        "max": 4.0,
        "values": [
          4.0,
          4.0,
          3.0,
          4.0,
          4.0
        ]
      },