{
  "num_runs": 5,
  "conditions": {
    "evaluation": {
      "label": "MARS (Full Pipeline)",
      "system1_clarity": {
        "mean": 4.0,
        "std": 0.7071067811865476,
        "min": 3.0,
        "max": 5.0,
        "values": [
          4.0,
          4.0,
          3.0,
          5.0,
          4.0
        ]
      },
      "system1_completeness": {
        "mean": 4.8,
        "std": 0.4472135954999579,
        "min": 4.0,
        "max": 5.0,
        "values": [
          5.0,
          5.0,
          4.0,
          5.0,
          5.0
        ]
      },
      "system1_relevance": {
        "mean": 4.8,
        "std": 0.4472135954999579,
        "min": 4.0,
        "max": 5.0,
        "values": [
          5.0,
          5.0,
          4.0,
          5.0,
          5.0
        ]
      },
      "system1_scientific": {
        "mean": 4.2,
        "std": 0.8366600265340756,
        "min": 3.0,
        "max": 5.0,
        "values": [
          4.0,
          5.0,
          3.0,
          5.0,
          4.0
        ]
      },
      "system2_alignment": {
        "mean": 4.0,
        "std": 0.0,
        "min": 4.0,
        "max": 4.0,
        "values": [
          4.0,
          4.0,
          4.0,
          4.0,
          4.0
        ]
      },
      "system2_novelty": {
        "mean": 5.0,
        "std": 0.0,
        "min": 5.0,
        "max": 5.0,
        "values": [
          5.0,
          5.0,
          5.0,
          5.0,
          5.0
        ]
      },
      "system2_realism": {
        "mean": 4.6,
        "std": 0.5477225575051661,
        "min": 4.0,
        "max": 5.0,
        "values": [
          5.0,
          5.0,
          4.0,
          5.0,
          4.0
        ]
      },
      "system2_reasoning": {
        "mean": 4.6,
        "std": 0.5477225575051661,
        "min": 4.0,
        "max": 5.0,
        "values": [
          5.0,
          5.0,
          4.0,
          5.0,
          4.0
        ]
      },
      "system3_compatibility": {
        "mean": 4.8,
        "std": 0.4472135954999579,
        "min": 4.0,
        "max": 5.0,
        "values": [
          5.0,
          5.0,
          4.0,
          5.0,
          5.0
        ]
      },
      "system3_industrial": {
        "mean": 5.0,
        "std": 0.0,
        "min": 5.0,
        "max": 5.0,
        "values": [
          5.0,
          5.0,
          5.0,
          5.0,
          5.0
        ]
      },
      "system3_plausibility": {
        "mean": 5.0,
        "std": 0.0,
        "min": 5.0,
        "max": 5.0,
        "values": [
          5.0,
          5.0,
          5.0,
          5.0,
          5.0
        ]
      },
      "system3_practicality": {
        "mean": 5.0,
        "std": 0.0,
        "min": 5.0,
        "max": 5.0,
        "values": [
          5.0,
          5.0,
          5.0,
          5.0,
          5.0
        ]
      },
      "weighted_avg": {
        "mean": 4.65,
        "std": 0.29605742686174924,
        "min": 4.17,
        "max": 4.92,
        "values": [
          4.75,
          4.83,
          4.17,
          4.92,
          4.58
        ]
      }
    },
    "ablation_3agent": {
      "label": "3-Agent Sequential (No RAG/KG)",
      "system1_clarity": {
        "mean": 5.0,
        "std": 0.0,
        "min": 5.0,
        "max": 5.0,
        "values": [
          5.0,
          5.0,
          5.0,
          5.0,
          5.0
        ]
      },
      "system1_completeness": {
        "mean": 4.8,
        "std": 0.4472135954999579,
        "min": 4.0,
        "max": 5.0,
        "values": [
          5.0,
          5.0,
          5.0,
          4.0,
          5.0
        ]
      },
      "system1_relevance": {
        "mean": 5.0,
        "std": 0.0,
        "min": 5.0,
        "max": 5.0,
        "values": [
          5.0,
          5.0,
          5.0,
          5.0,
          5.0
        ]
      },
      "system1_scientific": {
        "mean": 4.8,
        "std": 0.4472135954999579,
        "min": 4.0,
        "max": 5.0,
        "values": [
          5.0,
          5.0,
          5.0,
          4.0,
          5.0
        ]
      },
      "system2_alignment": {
        "mean": 4.4,
        "std": 0.8944271909999159,
        "min": 3.0,
        "max": 5.0,
        "values": [
          5.0,
          5.0,
          4.0,
          3.0,
          5.0
        ]
      },
      "system2_novelty": {
        "mean": 3.8,
        "std": 0.4472135954999579,
        "min": 3.0,
        "max": 4.0,
        "values": [
          4.0,
          4.0,
          4.0,
          3.0,
          4.0
        ]
      },
      "system2_realism": {
        "mean": 3.8,
        "std": 0.8366600265340756,
        "min": 3.0,
        "max": 5.0,
        "values": [
          3.0,
          4.0,
          5.0,
          3.0,
          4.0
        ]
      },
      "system2_reasoning": {
        "mean": 4.4,
        "std": 0.8944271909999159,
        "min": 3.0,
        "max": 5.0,
        "values": [
          4.0,
          5.0,
          5.0,
          3.0,
          5.0
        ]
      },
      "system3_compatibility": {
        "mean": 4.8,
        "std": 0.4472135954999579,
        "min": 4.0,
        "max": 5.0,
        "values": [
          5.0,
          5.0,
          5.0,
          4.0,
          5.0
        ]
      },
      "system3_industrial": {
        "mean": 4.8,
        "std": 0.4472135954999579,
        "min": 4.0,
        "max": 5.0,
        "values": [
          5.0,
          5.0,
          5.0,
          4.0,
          5.0
        ]
      },
      "system3_plausibility": {
        "mean": 5.0,
        "std": 0.0,
        "min": 5.0,
        "max": 5.0,
        "values": [
          5.0,
          5.0,
          5.0,
          5.0,
          5.0
        ]
      },
      "system3_practicality": {
        "mean": 5.0,
        "std": 0.0,
        "min": 5.0,
        "max": 5.0,
        "values": [
          5.0,
          5.0,
          5.0,
          5.0,
          5.0
        ]
      },
      "weighted_avg": {
        "mean": 4.632,
        "std": 0.36002777670618696,
        "min": 4.0,
        "max": 4.83,
        "values": [
          4.67,
          4.83,
          4.83,
          4.0,
          4.83
        ]
      }
    },
    "ablation_1agent_rag": {
      "label": "1-Agent + RAG/KG",
      "system1_clarity": {
        "mean": 4.4,
        "std": 0.5477225575051661,
        "min": 4.0,
        "max": 5.0,
        "values": [
          4.0,
          5.0,
          4.0,
          4.0,
          5.0
        ]
      },
      "system1_completeness": {
        "mean": 3.8,
        "std": 0.4472135954999579,
        "min": 3.0,
        "max": 4.0,
        "values": [
          4.0,
          4.0,
          3.0,
          4.0,
          4.0
        ]
      },
      "system1_relevance": {
        "mean": 4.6,
        "std": 0.5477225575051661,
        "min": 4.0,
        "max": 5.0,
        "values": [
          5.0,
          5.0,
          4.0,
          4.0,
          5.0
        ]
      },
      "system1_scientific": {
        "mean": 4.6,
        "std": 0.5477225575051661,
        "min": 4.0,
        "max": 5.0,
        "values": [
          5.0,
          5.0,
          4.0,
          4.0,
          5.0
        ]
      },
      "system2_alignment": {
        "mean": 3.6,
        "std": 0.5477225575051661,
        "min": 3.0,
        "max": 4.0,
        "values": [
          4.0,
          4.0,
          3.0,
          3.0,
          4.0
        ]
      },
      "system2_novelty": {
        "mean": 4.0,
        "std": 0.0,
        "min": 4.0,
        "max": 4.0,
        "values": [
          4.0,
          4.0,
          4.0,
          4.0,
          4.0
        ]
      },
      "system2_realism": {
        "mean": 4.2,
        "std": 1.0954451150103321,
        "min": 3.0,
        "max": 5.0,
        "values": [
          5.0,
          5.0,
          3.0,
          3.0,
          5.0
        ]
      },