{
  "num_runs": 3,
  "conditions": {
    "evaluation": {
      "label": "MARS (Full Pipeline)",
      "system1_clarity": {
        "mean": 3.3333333333333335,
        "std": 0.5773502691896257,
        "min": 3.0,
        "max": 4.0,
        "values": [
          4.0,
          3.0,
          3.0
        ]
      },
      "system1_completeness": {
        "mean": 4.333333333333333,
        "std": 0.5773502691896257,
        "min": 4.0,
        "max": 5.0,
        "values": [
          5.0,
          4.0,
          4.0
        ]
      },
      "system1_relevance": {
        "mean": 4.333333333333333,
        "std": 0.5773502691896257,
        "min": 4.0,
        "max": 5.0,
        "values": [
          5.0,
          4.0,
          4.0
        ]
      },
      "system1_scientific": {
        "mean": 3.6666666666666665,
        "std": 1.1547005383792515,
        "min": 3.0,
        "max": 5.0,
        "values": [
          5.0,
          3.0,
          3.0
        ]
      },
      "system2_alignment": {
        "mean": 3.6666666666666665,
        "std": 0.5773502691896257,
        "min": 3.0,
        "max": 4.0,
        "values": [
          4.0,
          4.0,
          3.0
        ]
      },
      "system2_novelty": {
        "mean": 4.666666666666667,
        "std": 0.5773502691896257,
        "min": 4.0,
        "max": 5.0,
        "values": [
          5.0,
          5.0,
          4.0
        ]
      },
      "system2_realism": {
        "mean": 4.666666666666667,
        "std": 0.5773502691896257,
        "min": 4.0,
        "max": 5.0,
        "values": [
          5.0,
          5.0,
          4.0
        ]
      },
      "system2_reasoning": {
        "mean": 4.333333333333333,
        "std": 1.1547005383792515,
        "min": 3.0,
        "max": 5.0,
        "values": [
          5.0,
          5.0,
          3.0
        ]
      },
      "system3_compatibility": {
        "mean": 4.666666666666667,
        "std": 0.5773502691896257,
        "min": 4.0,
        "max": 5.0,
        "values": [
          5.0,
          5.0,
          4.0
        ]
      },
      "system3_industrial": {
        "mean": 5.0,
        "std": 0.0,
        "min": 5.0,
        "max": 5.0,
        "values": [
          5.0,
          5.0,
          5.0
        ]
      },
      "system3_plausibility": {
        "mean": 5.0,
        "std": 0.0,
        "min": 5.0,
        "max": 5.0,
        "values": [
          5.0,
          5.0,
          5.0
        ]
      },
      "system3_practicality": {
        "mean": 5.0,
        "std": 0.0,
        "min": 5.0,
        "max": 5.0,
        "values": [
          5.0,
          5.0,
          5.0
        ]
      },
      "weighted_avg": {
        "mean": 4.39,
        "std": 0.4557411546042337,
        "min": 3.92,
        "max": 4.83,
        "values": [
          4.83,
          4.42,
          3.92
        ]
      }
    },
    "ablation_3agent": {
      "label": "3-Agent Sequential (No RAG/KG)",
      "system1_clarity": {
        "mean": 5.0,
        "std": 0.0,
        "min": 5.0,
        "max": 5.0,
        "values": [
          5.0,
          5.0,
          5.0
        ]
      },
      "system1_completeness": {
        "mean": 5.0,
        "std": 0.0,
        "min": 5.0,
        "max": 5.0,
        "values": [
          5.0,
          5.0,
          5.0
        ]
      },
      "system1_relevance": {
        "mean": 5.0,
        "std": 0.0,
        "min": 5.0,
        "max": 5.0,
        "values": [
          5.0,
          5.0,
          5.0
        ]
      },
      "system1_scientific": {
        "mean": 5.0,
        "std": 0.0,
        "min": 5.0,
        "max": 5.0,
        "values": [
          5.0,
          5.0,
          5.0
        ]
      },
      "system2_alignment": {
        "mean": 4.0,
        "std": 0.0,
        "min": 4.0,
        "max": 4.0,
        "values": [
          4.0,
          4.0,
          4.0
        ]
      },
      "system2_novelty": {
        "mean": 3.6666666666666665,
        "std": 0.5773502691896257,
        "min": 3.0,
        "max": 4.0,
        "values": [
          4.0,
          3.0,
          4.0
        ]
      },
      "system2_realism": {
        "mean": 5.0,
        "std": 0.0,
        "min": 5.0,
        "max": 5.0,
        "values": [
          5.0,
          5.0,
          5.0
        ]
      },
      "system2_reasoning": {
        "mean": 4.333333333333333,
        "std": 0.5773502691896257,
        "min": 4.0,
        "max": 5.0,
        "values": [
          4.0,
          4.0,
          5.0
        ]
      },
      "system3_compatibility": {
        "mean": 5.0,
        "std": 0.0,
        "min": 5.0,
        "max": 5.0,
        "values": [
          5.0,
          5.0,
          5.0
        ]
      },
      "system3_industrial": {
        "mean": 5.0,
        "std": 0.0,
        "min": 5.0,
        "max": 5.0,
        "values": [
          5.0,
          5.0,
          5.0
        ]
      },
      "system3_plausibility": {
        "mean": 5.0,
        "std": 0.0,
        "min": 5.0,
        "max": 5.0,
        "values": [
          5.0,
          5.0,
          5.0
        ]
      },
      "system3_practicality": {
        "mean": 5.0,
        "std": 0.0,
        "min": 5.0,
        "max": 5.0,
        "values": [
          5.0,
          5.0,
          5.0
        ]
      },
      "weighted_avg": {
        "mean": 4.75,
        "std": 0.08000000000000007,
        "min": 4.67,
        "max": 4.83,
        "values": [
          4.75,
          4.67,
          4.83
        ]
      }
    },
    "ablation_1agent_rag": {
      "label": "1-Agent + RAG/KG",
      "system1_clarity": {
        "mean": 4.666666666666667,
        "std": 0.5773502691896257,
        "min": 4.0,
        "max": 5.0,
        "values": [
          5.0,
          5.0,
          4.0
        ]
      },
      "system1_completeness": {
        "mean": 3.6666666666666665,
        "std": 0.5773502691896257,
        "min": 3.0,
        "max": 4.0,
        "values": [
          4.0,
          4.0,
          3.0
        ]
      },
      "system1_relevance": {
        "mean": 4.666666666666667,
        "std": 0.5773502691896257,
        "min": 4.0,
        "max": 5.0,
        "values": [
          5.0,
          5.0,
          4.0
        ]
      },
      "system1_scientific": {
        "mean": 3.6666666666666665,
        "std": 0.5773502691896257,
        "min": 3.0,
        "max": 4.0,
        "values": [
          4.0,
          4.0,
          3.0
        ]
      },
      "system2_alignment": {
        "mean": 2.3333333333333335,
        "std": 0.5773502691896257,
        "min": 2.0,
        "max": 3.0,
        "values": [
          3.0,
          2.0,
          2.0
        ]
      },
      "system2_novelty": {
        "mean": 3.3333333333333335,
        "std": 0.5773502691896257,
        "min": 3.0,
        "max": 4.0,
        "values": [
          4.0,
          3.0,
          3.0
        ]
      },
      "system2_realism": {
        "mean": 3.3333333333333335,
        "std": 0.5773502691896257,
        "min": 3.0,
        "max": 4.0,
        "values": [
          4.0,
          3.0,
          3.0
        ]
      },
      "system2_reasoning": {
        "mean": 2.3333333333333335,
        "std": 0.5773502691896257,
        "min": 2.0,
        "max": 3.0,
        "values": [
          3.0,
          2.0,
          2.0
        ]
      },
      "system3_compatibility": {
        "mean": 3.0,
        "std": 1.0,
        "min": 2.0,
        "max": 4.0,
        "values": [
          4.0,
          3.0,
          2.0
        ]
      },
      "system3_industrial": {
        "mean": 3.6666666666666665,
        "std": 0.5773502691896257,
        "min": 3.0,
        "max": 4.0,
        "values": [
          4.0,
          4.0,
          3.0
        ]
      },
      "system3_plausibility": {
        "mean": 4.333333333333333,
        "std": 0.5773502691896257,
        "min": 4.0,
        "max": 5.0,